<assembly>
    <id>src</id>
    <formats>
        <format>tar.gz</format>
    </formats>
    <fileSets>
        <fileSet>
            <directory>${project.basedir}/src</directory>
            <outputDirectory>/src</outputDirectory>
        </fileSet>
    </fileSets>
    <files>
        <file>
            <source>README.md</source>
            <outputDirectory>/</outputDirectory>
        </file>
        <file>
            <source>pom.xml</source>
            <outputDirectory>/</outputDirectory>
        </file>
        <file>
            <source>NOTICE.txt</source>
            <outputDirectory>/</outputDirectory>
        </file>
        <file>
            <source>LICENSE.txt</source>
            <outputDirectory>/</outputDirectory>
        </file>
    </files>
</assembly>